File,Preset,Key,Correlation,Pitch_Class_Entropy
Preset_A_01.mid,A,C major,0.7935085547860713,2.595980817770718
Preset_A_02.mid,A,C major,0.8097121488620714,2.592998049717297
Preset_A_03.mid,A,C major,0.7600252990570362,2.445931043642018
Preset_A_04.mid,A,C major,0.8175641120808377,2.6162628393517626
Preset_A_05.mid,A,C major,0.6761826462919734,2.4717832974369975
Preset_A_06.mid,A,C major,0.843399648420982,2.486974587510195
Preset_A_07.mid,A,C major,0.8522076702987226,2.6100961088246755
Preset_A_08.mid,A,C major,0.7589237866450624,2.172969791704489
Preset_A_09.mid,A,C major,0.85152294289908,2.557745411690276
Preset_A_10.mid,A,C major,0.7957576049349314,2.5735646179289913
Preset_A_11.mid,A,C major,0.6500213933680016,2.437371411769475
Preset_A_12.mid,A,C major,0.8119921285506452,2.629627772423452
Preset_A_13.mid,A,C major,0.7715043962945732,2.48397095486997
Preset_A_14.mid,A,C major,0.8799107242702601,2.6050511203323525
Preset_A_15.mid,A,C major,0.7437948175664456,2.6304070520512304
Preset_A_16.mid,A,C major,0.721154906395921,2.589321493466826
Preset_A_17.mid,A,C major,0.8559509748305906,2.437634684427618
Preset_A_18.mid,A,C major,0.6781738117511765,2.4363895744258146
Preset_A_19.mid,A,C major,0.751198845181615,2.607764747097556
Preset_A_20.mid,A,C major,0.7842816460117059,2.6465665813450543
Preset_A_21.mid,A,C major,0.6638669703892311,2.54737664809014
Preset_A_22.mid,A,C major,0.7638057462000335,2.2923542958613936
Preset_A_23.mid,A,C major,0.8301707679217786,2.6101683333461474
Preset_A_24.mid,A,C major,0.7258660573199374,2.6101018778437304
Preset_A_25.mid,A,C major,0.7757868950744223,2.5553957761750543
Preset_B_01.mid,B,B- major,0.677081229850269,3.4049268652751925
Preset_B_02.mid,B,B- major,0.6924690466356394,3.2625506528926898
Preset_B_03.mid,B,B- major,0.5067050555426291,3.4150122884898657
Preset_B_04.mid,B,F major,0.45904835796667126,3.4507962747244645
Preset_B_05.mid,B,A- major,0.5553986961798724,3.476106134854566
Preset_B_06.mid,B,c minor,0.6665709261971092,3.3625212959246653
Preset_B_07.mid,B,B- major,0.6131257519159251,3.409680057306686
Preset_B_08.mid,B,b- minor,0.5768982531852411,3.392922515208582
Preset_B_09.mid,B,A- major,0.6730888985310413,3.3506295075011474
Preset_B_10.mid,B,A- major,0.7813760297781552,3.4693660327271965
Preset_B_11.mid,B,e- minor,0.6220519166959793,3.3731339237941644
Preset_B_12.mid,B,B- major,0.547159742040894,3.332608325376808
Preset_B_13.mid,B,B- major,0.683502394208893,3.4601343532806097
Preset_B_14.mid,B,B- major,0.703812485717559,3.3694146310577846
Preset_B_15.mid,B,B- major,0.7139775579883327,3.3973094231490766
Preset_B_16.mid,B,B- major,0.5158023914897545,3.4324936980705574
Preset_B_17.mid,B,C major,0.3885565992447828,3.440743453262994
Preset_B_18.mid,B,B- major,0.6860287593548512,3.3633981174965726
Preset_B_19.mid,B,B- major,0.7121336291566477,3.4534983344118975
Preset_B_20.mid,B,B- major,0.69561878888821,3.444082682207144
Preset_B_21.mid,B,c minor,0.5550061150408594,3.3403881807567983
Preset_B_22.mid,B,A- major,0.4308777924164223,2.706547879485912
Preset_B_23.mid,B,B- major,0.6871388612979378,3.418975149739656
Preset_B_24.mid,B,C major,0.3802694160685806,3.3238069321075416
Preset_B_25.mid,B,B- major,0.5545841559133708,3.3761032569428333
Preset_C_01.mid,C,g minor,0.7934994051659732,2.8951244969487866
Preset_C_02.mid,C,F major,0.6022359106852045,3.1182705007148246
Preset_C_03.mid,C,A- major,0.6733994614598259,3.108016479482832
Preset_C_04.mid,C,c minor,0.6877500770335621,3.1913003818705934
Preset_C_05.mid,C,g minor,0.6713688128295334,3.1311508634260927
Preset_C_06.mid,C,A- major,0.6593831031739111,3.0979728521573255
Preset_C_07.mid,C,c minor,0.6454575849715897,3.136459300898299
Preset_C_08.mid,C,c minor,0.7678995858255008,2.9565035971076314
Preset_C_09.mid,C,A- major,0.7475251928890355,3.0381472424370912
Preset_C_10.mid,C,F major,0.8443144435584481,2.9234287466655795
Preset_C_11.mid,C,g minor,0.7691762150811005,2.906415624413665
Preset_C_12.mid,C,g minor,0.7770456344373013,2.842508569744023
Preset_C_13.mid,C,F major,0.8429881242583784,2.903621393758774
Preset_C_14.mid,C,c minor,0.8013073591812241,3.1440094526563356
Preset_C_15.mid,C,c minor,0.7611906004010848,3.050892058415888
Preset_C_16.mid,C,F major,0.7858532796830039,2.878318484715766
Preset_C_17.mid,C,c minor,0.7113202773417611,3.074736160053044
Preset_C_18.mid,C,c minor,0.712372727656572,3.169190879903289
Preset_C_19.mid,C,A- major,0.5918894470642556,3.063176725047993
Preset_C_20.mid,C,g minor,0.7738602898072855,2.9841045541550852
Preset_C_21.mid,C,F major,0.814750876487186,3.0218860966217465
Preset_C_22.mid,C,G major,0.5788929018660864,3.121800941747169
Preset_C_23.mid,C,g minor,0.7937834828700725,3.0454835540904788
Preset_C_24.mid,C,G major,0.5422699927747346,3.0660466296008044
Preset_C_25.mid,C,F major,0.8861480515415984,2.8939451122494253
Preset_D_01.mid,D,C major,0.7660562638982917,2.2716676213244242
Preset_D_02.mid,D,C major,0.8149099769094802,2.6534863735623615
Preset_D_03.mid,D,C major,0.7838893274208011,2.51446114423583
Preset_D_04.mid,D,F major,0.7645022358742597,2.5104888339283535
Preset_D_05.mid,D,C major,0.8021948849268135,2.502883377837441
Preset_D_06.mid,D,C major,0.825194450253877,2.50159772875225
Preset_D_07.mid,D,C major,0.8346976279637287,2.467060485415722
Preset_D_08.mid,D,F major,0.8257384733856603,2.6015696179246826
Preset_D_09.mid,D,C major,0.7987037414872851,2.460211663341706
Preset_D_10.mid,D,C major,0.767259171511641,2.533781944059476
Preset_D_11.mid,D,F major,0.8641703753173563,2.6101544244764017
Preset_D_12.mid,D,C major,0.7857485749495299,2.4828230244010974
Preset_D_13.mid,D,C major,0.7977705471835044,2.3875360434541237
Preset_D_14.mid,D,C major,0.7836430161789385,2.5619102364255655
Preset_D_15.mid,D,C major,0.8512889488204294,2.5738593048973564
Preset_D_16.mid,D,C major,0.8110656566430571,2.571321681432137
Preset_D_17.mid,D,C major,0.747297460583373,2.5154313823594805
Preset_D_18.mid,D,C major,0.7820775646007588,2.459962450463624
Preset_D_19.mid,D,C major,0.8128851005933908,2.5966285587603757
Preset_D_20.mid,D,C major,0.8041147801861046,2.3968786169258807
Preset_D_21.mid,D,C major,0.8207658269936917,2.514960919472722
Preset_D_22.mid,D,C major,0.8238809422457332,2.480592071395162
Preset_D_23.mid,D,C major,0.8189513328105993,2.6427432014353656
Preset_D_24.mid,D,C major,0.7981190819710715,2.5312824835960326
Preset_D_25.mid,D,C major,0.7131491695268333,2.3651172654210066
